net,length_um
net965,1469.74
net952,1452.4
net985,1440.86
net49,1423.66
net818,1414.69
net123,1403.44
net499,1399
net766,1393.92
net934,1391.88
net380,1390.29
net807,1388.96
net619,1386.425
net862,1381.11
net210,1380.8
net404,1372.3
net727,1368.29
net996,1366.26
net779,1365.04
net215,1360.67
net910,1358.975
net9,1358.04
net21,1356.14
net439,1354.72
net759,1352.32
net547,1351.51
net833,1348.42
net494,1344.36
net353,1343.95
net142,1342.12
net561,1340.06
net384,1337.74
net939,1333.86
net606,1331.81
net810,1331.66
net445,1327.49
net882,1326.76
net625,1326.5
net470,1323.95
net43,1323.28
net913,1322.17
net498,1319.68
net467,1319.37
net311,1317.28
net1030,1313.96
net257,1313.115
net529,1312.35
net116,1311.58
net264,1307.37
net462,1304.94
net486,1301.83
net752,1299.6
net681,1298.43
net181,1291.115
net358,1290.96
net714,1290.8
net54,1290.3
net17,1288.5
net682,1287.51
net981,1285.6
net312,1284.56
net65,1284.17
net12,1284.16
net177,1283.64
net905,1283.04
net342,1281.84
net545,1281.7
net1031,1277.2
net624,1276.02
net385,1275.39
net861,1274.22
net715,1273.55
net660,1272.12
net750,1271.2
net154,1270.47
net199,1270.24
net394,1268.26
net174,1267.36
net575,1265.22
net720,1262.28
net603,1258.45
net310,1256.17
net835,1255.82
net859,1255.02
net397,1251.54
net41,1251.18
net82,1251.06
net473,1250.24
net431,1250.23
net322,1248.73
net876,1248.06
net435,1246.5
net858,1246.43
net354,1246.11
net753,1246
net906,1245.44
net596,1244.57
net638,1244.14
net938,1242.04
net658,1241.84
net222,1239.3
net849,1238.67
net811,1236.22
net151,1235.88
net693,1234.4
net338,1230.61
net612,1226.88
net555,1226.7
net414,1225.98
net167,1225.64
net924,1225.22
net642,1222.61
net816,1221.43
net970,1220.48
net225,1219.38
net374,1219.32
net171,1218.69
net546,1218.37
net461,1215.97
net761,1214.86
net103,1213.91
net497,1213.66
net362,1213.38
net834,1213.08
net730,1212.98
net378,1212.44
net962,1211.7
net1034,1209.895
net233,1209.78
net150,1209.535
net304,1209.22
net92,1208.44
net578,1207.6
net423,1207.01
net867,1206.93
net319,1206.51
net175,1206.18
net60,1205.7
net124,1205.58
net579,1205.23
net170,1204.9
net190,1203.68
net274,1202.54
net427,1202.34
net536,1199.61
net554,1199.22
net512,1198.58
net710,1198.3
net827,1198.06
net927,1198.02
net966,1197.54
net38,1197.22
net732,1197.06
net15,1196.98
net912,1196.12
net920,1195.5
net875,1195.18
net976,1194.61
net1013,1193.92
net323,1193.9
net465,1193.49
net1011,1191.2
net569,1190.88
net75,1190.775
net120,1189.4
net736,1186.38
net518,1186.09
net929,1185.73
net941,1184.9
net553,1183.52
net674,1182.76
net4,1182.17
net533,1182.01
net700,1181.89
net1008,1181.4
net24,1181.055
net428,1181.02
net723,1179.89
net539,1179.12
net88,1178.73
net303,1177.77
net629,1177.42
net911,1177.12
net72,1176.3
net286,1175.64
net576,1175.58
net513,1174.38
net1000,1174.32
net448,1173.99
net688,1173.3
net481,1172.37
net880,1170.66
net46,1170.56
net597,1169.22
net223,1168.84
net77,1168.32
net1023,1166.94
net173,1166.8
net135,1164.92
net1001,1164.38
net618,1162.95
net53,1162.22
net524,1160.85
net287,1159.6
net865,1159.51
net656,1159.14
net878,1159.06
net2,1158.66
net737,1158.02
net528,1157.02
net56,1156.44
net104,1154.95
net139,1154.2
net580,1153.48
net830,1152.53
net814,1151.42
net854,1151.08
net301,1149.48
net6,1149.42
net488,1149.04
net331,1148.73
net23,1148.32
net69,1146.06
net78,1145.84
net452,1145.83
net16,1145.32
net102,1145.04
net633,1144.74
net132,1144.68
net324,1144.66
net71,1144.52
net615,1144.22
net81,1143.96
net1017,1143.27
net864,1143.06
net29,1142.72
net703,1140.06
net663,1139.2
net126,1138.92
net214,1138.72
net402,1137.54
net767,1137.34
net279,1137.07
net66,1136.68
net368,1136.58
net99,1136.26
net699,1135.8
net517,1135.66
net1002,1135.1
net156,1134.34
net936,1133.58
net951,1132.94
net20,1132.86
net172,1131.8
net874,1131.68
net369,1131.34
net558,1129.09
net48,1128.86
net713,1128.48
net889,1127.82
net87,1127.43
net425,1126.88
net706,1126.58
net153,1126.48
net724,1126.12
net892,1126.04
net527,1124.55
net110,1124.31
net871,1123.58
net738,1123.02
net35,1122.84
net463,1122.33
net297,1122.3
net944,1122.21
net188,1121.03
net196,1119.775
net184,1119.7
net250,1119.08
net824,1118.4
net444,1117.06
net1015,1115.76
net419,1113.64
net891,1113.54
net522,1113.4
net469,1113.11
net933,1113.06
net11,1112.78
net26,1112.38
net125,1111.44
net796,1111.06
net898,1110.24
net745,1110.18
net478,1108.9
net388,1108.83
net236,1107.72
net687,1107.32
net63,1107.31
net850,1106.88
net671,1106.835
net381,1106.6
net476,1105.22
net846,1103.53
net195,1103.13
net451,1102.89
net245,1102.72
net115,1102.28
net551,1101.63
net755,1101.4
net326,1101.02
net782,1099.74
net37,1099.345
net393,1097.935
net734,1097.74
net520,1097.11
net902,1096.97
net793,1095.8
net716,1095.765
net809,1095.26
net221,1095.1
net146,1094.58
net466,1094.14
net855,1092.1
net316,1091.62
net568,1091.34
net670,1091.24
net472,1091.17
net109,1090.68
net200,1090.24
net39,1088.52
net998,1087.72
net725,1087.22
net14,1086.82
net803,1086.44
net459,1084.5
net343,1084.14
net1022,1083.3
net647,1082.9
net185,1081.81
net395,1081.4
net860,1080.305
net95,1079.84
net696,1079.3
net590,1076.24
net160,1076.2
net634,1075.74
net925,1075.61
net786,1075.36
net140,1074.73
net556,1074.48
net791,1074.4
net242,1073.64
net769,1073.39
net798,1073.02
net637,1072.56
net96,1072.07
net978,1071.48
net567,1070.99
net416,1069.62
net695,1069.18
net879,1068.79
net949,1067.36
net111,1066.84
net437,1065.83
net739,1065.6
net420,1065.5
net249,1065.03
net572,1064.58
net162,1064.44
net276,1062.68
net1012,1062.26
net990,1061.85
net987,1061.7
net977,1061.46
net485,1059.76
net525,1059.72
net655,1059.56
net843,1059.1
net792,1058.92
net953,1055.84
net133,1055.28
net740,1054.72
net379,1052.525
net33,1052.46
net839,1052.24
net630,1051.66
net922,1051.51
net52,1051.14
net217,1050.38
net842,1050.29
net239,1050
net868,1049.31
net337,1048.12
net328,1047.58
net73,1047.08
net907,1046.96
net502,1046.86
net220,1046.68
net386,1045.29
net542,1044.52
net678,1044.26
net372,1044.01
net42,1043.84
net127,1042.58
net202,1042.4
net519,1042.28
net440,1041.79
net928,1041.75
net708,1041.6
net717,1040.07
net589,1039.7
net262,1039.52
net812,1039.22
net758,1039.2
net5,1038.455
net676,1038.24
net390,1037.96
net808,1036.94
net890,1036.03
net259,1035.88
net947,1035.68
net392,1035.18
net383,1033.54
net36,1030.84
net122,1030.34
net743,1029.1
net325,1028.6
net768,1028.52
net581,1027.77
net904,1027.66
net234,1026.71
net760,1025.28
net113,1025.24
net490,1024.98
net984,1023.41
net235,1022.78
net336,1021.7
net273,1021
net107,1020.42
net538,1020.04
net574,1019.08
net166,1018.86
net822,1017.7
net540,1016.73
net101,1016.72
net430,1016.65
net582,1016.58
net690,1016.4
net213,1015.785
net89,1013.21
net805,1013.16
net780,1012.98
net145,1012.84
net491,1012.56
net479,1011.32
net254,1010.81
net1006,1010.79
net749,1009.88
net118,1009.68
net788,1009.2
net544,1009.12
net344,1007.22
net165,1006.58
net566,1004.76
net895,1003.815
net908,1001.37
net677,1000.845
net267,1000.23
net784,1000
net728,999.08
net705,998.7
net608,998.23
net992,998.18
net332,998.09
net94,998.01
net84,997.76
net919,997.52
net511,997.1
net746,997
net291,995.46
net248,995.1
net307,994.63
net1016,991.85
net484,991.72
net237,991.71
net30,991.68
net844,990.92
net285,990.11
net261,988.7
net772,987.84
net327,987.74
net460,985.66
net802,984.85
net163,984.36
net218,984
net917,982.86
net252,982.14
net70,982.01
net415,980.44
net954,980.14
net189,980
net399,979.8
net418,979.38
net797,979.05
net901,977.62
net290,977.32
net296,976.15
net238,976.04
net975,975.62
net641,975.51
net289,975.42
net347,974.54
net722,973.78
net193,973.05
net27,971.2
net74,970.8
net668,970.36
net604,969.06
net623,967.84
net997,967.1
net828,966.18
net1026,966.18
net453,966.08
net914,965.91
net897,964.46
net269,963.74
net366,962.67
net270,962.4
net639,959.12
net747,958.7
net192,958.16
net711,958.12
net138,957.92
net991,957.9
net783,957.76
net643,957.5
net757,957.4
net299,956.64
net144,956.32
net203,956.26
net673,954.92
net282,953.84
net183,953.06
net971,952.96
net401,951.68
net765,951.59
net67,951.21
net963,951.2
net364,950.97
net999,949.19
net650,948.12
net845,948.12
net44,947.04
net219,946.64
net916,946.465
net505,945.72
net636,945.64
net357,944.11
net563,943.24
net821,943.12
net309,943.02
net1014,942.06
net931,941.69
net664,939.83
net359,939.66
net514,939.38
net413,938.84
net675,937.76
net100,935.8
net669,935.36
net515,935.18
net557,935.18
net317,934.18
net825,933.88
net995,933.62
net918,933.56
net410,933
net229,932.76
net8,932.6
net51,932.56
net707,930.06
net781,929.84
net571,929.6
net972,928.28
net315,927.24
net958,925.18
net57,924.82
net549,923.14
net817,922.9
net884,922.74
net640,921.37
net93,921.28
net194,920.36
net300,920.12
net1021,920.12
net712,920.04
net180,919.64
net564,919.54
net776,919.46
net592,919.04
net3,918.32
net1003,917.28
net617,916.32
net535,914.99
net443,914.76
net979,913.59
net191,913.38
net241,913.08
net271,913.08
net25,913.06
net411,911.9
net216,911.295
net653,911.2
net886,910.95
net537,910.6
net50,910.54
net698,909.84
net489,906.5
net128,906.38
net856,906.26
net509,906.06
net943,904.95
net598,904.66
net158,904.16
net659,904
net293,903.8
net477,903.56
net573,903.32
net702,902.4
net382,901.9
net55,900.62
net212,900.44
net207,899.92
net1019,899.38
net602,899.31
net79,897.3
net1004,896
net988,895.87
net507,895.54
net683,894.3
net974,894.12
net853,892.6
net179,892.56
net657,891.56
net468,890.42
net866,888.47
net790,888.04
net595,887.87
net848,887.76
net523,886.2
net83,886.075
net355,884.51
net869,884.32
net108,882.16
net645,881.29
net801,880.89
net733,880.64
net926,879.68
net980,879.3
net275,879.14
net744,877.16
net667,876.5
net665,875.06
net644,874.66
net47,874.47
net960,873.91
net863,873.03
net756,872.82
net406,872.56
net22,872.16
net601,871.73
net616,869.98
net680,869.38
net68,869.3
net823,868.84
net58,866.9
net1009,866.015
net335,863.4
net959,863.21
net64,863.18
net447,862.99
net883,861.98
net946,861.18
net622,860.66
net272,857.98
net204,857.76
net321,856.24
net521,856.04
net774,855.56
net387,855.3
net532,855.22
net594,855.18
net620,853.08
net583,852.13
net1024,851.94
net131,851.67
net59,851.58
net211,850.22
net762,849.42
net881,848.91
net13,848.74
net348,848.66
net280,848.2
net281,847.12
net666,846.14
net742,846.08
net754,842.28
net119,842.16
net403,840.9
net831,840.02
net909,839.94
net956,839.64
net121,839.03
net516,838.15
net795,838.03
net495,836.98
net932,835.72
net775,834.68
net899,833.56
net777,833.46
net377,833.39
net155,831.82
net961,831.69
net526,831.16
net923,830.38
net247,830.02
net851,829.58
net227,829.32
net201,829.2
net341,828.16
net294,826.16
net329,825.94
net251,825.36
net186,824.84
net292,823.6
net396,823.26
net819,822.94
net480,822.52
net800,821.28
net263,819.84
net661,819.02
net363,818
net434,816.64
net770,815.36
net584,814.06
net632,813.835
net105,812.68
net318,812.28
net646,811.79
net763,811.57
net34,809.96
net968,809.49
net371,809.43
net373,809.38
net986,808.6
net940,808.12
net314,807.66
net1028,807.56
net148,806.64
net829,805.92
net475,805.68
net550,805.44
net610,804.93
net302,804.18
net134,804.16
net652,803.44
net208,801.86
net278,801.76
net360,800.12
net405,799.02
net487,798.98
net350,798.8
net421,798.72
net686,798.7
net1029,798.6
net719,798.19
net255,797.86
net840,797.08
net969,796.345
net872,795.2
net161,793.6
net409,792.51
net277,792.1
net873,791.66
net268,791.46
net506,791.22
net764,791.12
net376,790.74
net504,790.04
net283,789.52
net106,788.76
net832,788.54
net1,787.72
net361,787.23
net1020,785.19
net729,783.73
net32,781.74
net333,780.62
net614,779.7
net607,778.6
net560,778.155
net449,777.435
net340,776.3
net945,775.8
net885,774.16
net313,773.02
net648,773
net90,771.795
net76,771.72
net697,771.62
net244,771.34
net559,770.76
net593,770.7
net689,770.58
net994,770.36
net40,769.78
net458,769.24
net748,768.42
net704,767.04
net1010,766.68
net62,765.78
net482,764.98
net967,764.3
net813,763.92
net631,763.3
net389,761.74
net541,761.03
net474,759.46
net626,758.74
net531,753.92
net141,753.58
net112,753.52
net785,753.36
net330,753.14
net726,753.04
net806,752.17
net870,751.34
net441,750.86
net983,750.725
net375,750.68
net117,750.5
net412,747.34
net149,746.66
net609,745.64
net921,743.975
net349,743.6
net694,743.36
net288,742.62
net1005,742.35
net837,742.135
net28,741.64
net935,741.34
net91,740.38
net591,740.3
net85,740.2
net709,739.86
net367,739
net847,738.895
net232,738.68
net456,737.44
net721,736.48
net31,733.26
net438,733.16
net942,732.88
net320,732.66
net182,731.29
net820,731.2
net836,730.45
net334,729.72
net455,729.04
net534,727.26
net621,727
net530,726.94
net888,726.32
net169,725.715
net789,724.98
net896,724.22
net613,723.4
net955,723.38
net718,722.46
net178,720.775
net436,720.04
net577,719.95
net339,719.34
net605,719.17
net893,719.08
net503,718.86
net231,718.32
net351,718.1
net510,716.44
net198,714.16
net7,714
net240,713.3
net492,711.945
net651,711.56
net424,709.72
net841,709.12
net417,708.32
net731,707.72
net685,707.71
net306,706.63
net672,706.54
net501,706.26
net1007,704.06
net543,703.56
net471,703.34
net894,702.725
net548,702.36
net937,701.82
net787,699.76
net957,699.68
net565,699.42
net164,698.71
net654,698.14
net398,697.66
net426,694.47
net635,694.35
net205,692.62
net157,691.14
net1025,690.58
net799,689.895
net295,689.18
net260,688.84
net628,688.74
net804,688.26
net627,688.06
net741,687.96
net159,687.36
net308,687.08
net552,686.9
net454,685.28
net771,685.1
net176,684.18
net500,683.32
net562,682.9
net129,682.58
net915,682.485
net493,681.78
net684,681.74
net794,678.88
net143,676.7
net838,675.22
net224,674.06
net305,673.19
net136,672.68
net877,672.29
net587,672.06
net391,671.76
net692,671.59
net570,671.28
net284,670.7
net649,669.56
net18,668.88
net464,667.82
net209,667.17
net152,666.92
net265,665.46
net168,664.06
net930,663.98
net457,662.72
net197,662.26
net815,661.88
net887,661.5
net1035,661.44
net599,660.18
net19,658.16
net588,657.8
net253,655.04
net422,654.5
net433,654.14
net230,654.04
net611,652.86
net400,651.25
net751,647.98
net98,646.42
net86,645.06
net701,645.06
net429,644.54
net370,642.64
net600,642.04
net826,640.88
net228,639.44
net857,638.08
net187,637.94
net679,636.76
net407,636.22
net246,635
net773,634.8
net852,634.16
net586,632.52
net446,632.12
net10,631.66
net735,629.88
net950,628.94
net114,627.8
net298,626.76
net982,626.46
net973,625.86
net432,622.6
net508,617.6
net691,614.945
net266,613.58
net256,612.56
net61,612.1
net662,609.95
net585,609.85
net206,608.84
net97,605.16
net352,604.92
net356,603.3
net345,600.5
net948,599.52
net346,596.6
net137,594.24
net365,591.815
net408,590.53
net496,588.5
net442,583.88
net147,582.01
net778,580.22
net450,579.98
net1037,579.94
net258,579.835
net989,579.29
net1027,577.14
net226,569.2
net993,568.96
net483,568.88
net964,564.36
net130,563.96
net1018,557.88
net80,556.16
net45,555.74
net900,547.7
net243,543.32
net903,542.73
net1032,535.42
net1033,408.54
_2215_,223.86
_0628_,154.12
_2160_,154.02
_0450_,153.86
_0951_,149.68
_1277_,149
_1859_,144.46
_1274_,131.16
_0566_,127.42
_0954_,125.54
net1038,123.34
_0446_,120.26
_2211_,119.4
_0666_,118.02
_0623_,116.48
_1843_,113.3
_2194_,110.46
_0269_,110.43
_0650_,108.6
_1917_,108.52
_2011_,108.26
_0893_,105.44
_0614_,105.04
_0949_,103.72
net1076,103.64
_0271_,102.84
_1500_,101.56
_1446_,100.46
_2114_,100.18
_0645_,99.42
_0733_,99.38
_0700_,97.375
_0272_,96.5
_1487_,95.3
_2158_,94.66
_0322_,92.92
_0651_,92.16
_0583_,90.92
_0610_,90.02
_0350_,89.98
_1780_,89.74
_0371_,88.92
_2193_,88.48
_2202_,86.6
_0578_,85.5
_1481_,85.27
_0247_,85.26
_1907_,84.46
_0577_,84.44
_0274_,84.26
_2206_,83.72
_0372_,83.24
_0607_,82.72
_1919_,82.42
_0574_,80.28
_1362_,79.06
_0228_,78.16
_1989_,77.02
_0268_,76.42
_0351_,75.42
_0194_,74.9
_2203_,74.86
_0600_,74.6
_0250_,74.38
_1553_,74.32
_0936_,74.31
_0709_,74.075
_0356_,74.02
_0655_,74.02
_0930_,73.68
_0286_,73.34
_0367_,72.94
_0308_,72.66
_0752_,72.295
_0629_,71.98
_0618_,71.82
_0698_,71.68
_0693_,71.5
_0675_,70.62
_1844_,69.96
_0748_,69.6
_0632_,69.46
_0547_,69.34
_0355_,69.27
net1081,69.135
_0569_,68.89
_1704_,68
_0209_,66.66
_2152_,66.4
_0608_,66.32
_1069_,66.1
_0750_,65.94
_0200_,65.88
_0597_,65.58
_0259_,65.44
_0292_,65.36
_1990_,65.35
_0638_,65.295
_2115_,65.14
_0712_,64.48
_0249_,64.34
_2003_,63.58
_2004_,63.48
_0211_,63.22
_0349_,63.04
_0311_,62.82
_0630_,62.415
_0681_,62.28
_1743_,62.26
_0337_,61.74
_0582_,60.88
_0326_,60.66
_0612_,59.86
_0223_,59.66
_0336_,59.55
_0368_,59.48
_0646_,59.22
_0324_,58.96
_0258_,58.86
_0745_,58.66
_0288_,58.08
_0677_,57.87
_2093_,57.2
_0239_,56.98
_2154_,56.84
_0718_,56.66
_0746_,56.6
_1046_,56.29
_0312_,55.55
_0266_,55.36
_0343_,54.84
_0541_,54.8
_2039_,54.78
_0363_,54.58
_0634_,54.58
_2188_,54.36
_0728_,54.24
_0657_,54.12
_2099_,53.98
_0579_,53.66
_0318_,53.44
_0206_,53.42
_2113_,53.42
_1703_,53.04
_1876_,53.02
_1965_,53
_0587_,52.38
_2181_,52.38
_0294_,52.35
_0309_,51.965
_0611_,51.96
_0297_,51.91
_0267_,51.9
_0291_,51.9
_0348_,51.88
_0757_,51.88
_2109_,51.74
_2150_,51.5
_0230_,51.33
_0251_,50.66
_0362_,50.58
_2173_,50.54
_2129_,50.5
_2180_,50.04
_0613_,48.92
_0738_,48.92
_0353_,48.66
_0313_,48.64
_0361_,48.6
_0704_,48.32
_0257_,48.14
_1664_,47.88
_0596_,47.56
_1741_,47.4
_1667_,47.14
_1034_,46.64
_0245_,46.38
_1816_,46.38
_2053_,46.32
net1039,46.22
_1975_,45.96
_0282_,45.94
_0347_,45.88
_0580_,45.62
_0705_,45.23
_0667_,44.88
_0248_,44.5
_0754_,44.46
_0572_,44.4
_2025_,44.22
_0659_,43.24
_0713_,43
_2186_,42.7
_1721_,42.48
_0236_,42.44
_0756_,42.4
_1647_,42.12
_0252_,41.84
_0625_,41.7
_1908_,41.5
_0231_,41.48
_0749_,41.4
_1846_,41.3
_0703_,41.28
_0581_,41.15
_0366_,41.08
_1459_,40.78
_2087_,40.7
_1377_,40.4
_1640_,40.38
_0222_,40.34
_0697_,40.3
_0575_,40.22
_0109_,40.14
net1041,40.12
_0281_,40
_2107_,39.92
_0201_,39.82
_1692_,39.7
in_data[432],39.61
_1746_,39.56
_2130_,39.36
_0701_,39.34
_0725_,39.32
_1779_,39.22
_0198_,39.1
_0325_,38.9
_1977_,38.9
_1839_,38.88
_2079_,38.78
_1613_,38.44
_1519_,38.12
_1987_,38.06
_0227_,37.9
_1190_,37.9
_1653_,37.9
_1988_,37.83
_0642_,37.74
_0747_,37.69
_0226_,37.68
_0246_,37.68
_0702_,37.58
_0299_,37.56
_1949_,37.48
_1880_,37.46
_1674_,37.3
_1974_,37.06
_0341_,36.98
_2060_,36.96
_2034_,36.86
_2023_,36.72
_0907_,36.38
_2170_,36.16
_0285_,35.96
_2016_,35.9
_0199_,35.8
_2073_,35.8
_0212_,35.76
_1644_,35.74
_1422_,35.68
_1918_,35.5
_1350_,35.41
_1711_,35.26
in_data[137],35.19
_0204_,35.08
_1736_,35.08
_1348_,35.06
_1390_,35.02
_2080_,34.9
_0097_,34.82
_1358_,34.82
in_data[218],34.75
_1792_,34.72
_2017_,34.72
_0683_,34.64
_2075_,34.62
_2058_,34.6
_2121_,34.52
_1948_,34.38
_1947_,34.34
_0334_,34.2
in_data[176],33.94
_0310_,33.7
_0365_,33.48
_0567_,33.48
_1950_,33.3
_0354_,33.28
_0835_,33.18
net1068,33.18
_0243_,33.12
_0643_,33.1
_0594_,33.08
in_data[59],33.07
_0684_,33.04
_1685_,33.04
in_data[720],32.99
_0370_,32.715
_0715_,32.6
_0475_,32.5
_1999_,32.5
_0714_,32.48
_1673_,32.44
_2196_,32.38
_1336_,32.36
_1091_,32.28
in_data[726],32.09
_0649_,32.06
_0532_,31.96
_2069_,31.96
_1860_,31.92
_1781_,31.9
_1041_,31.8
_2143_,31.66
_1304_,31.62
_2012_,31.6
_0360_,31.58
_2106_,31.54
_1872_,31.52
_0620_,31.48
_1518_,31.42
_2120_,31.41
_0215_,31.4
_1712_,31.26
_2101_,31.24
_0639_,31.16
_2179_,31.16
_1312_,31.14
_0242_,31.1
_1911_,30.97
_0261_,30.94
in_data[126],30.9
_1680_,30.68
_2178_,30.64
_1807_,30.54
in_data[890],30.53
in_data[563],30.48
_1302_,30.44
_1184_,30.42
_1849_,30.4
_0307_,30.32
_0359_,30.32
_1929_,30.3
_0732_,30.2
_0758_,30.18
_1808_,30.18
_2068_,30.18
_2061_,30.16
_1669_,30.14
_1889_,29.94
_1972_,29.92
_2043_,29.83
_0730_,29.74
_1386_,29.66
net1046,29.66
net1058,29.66
in_data[735],29.49
_2103_,29.4
_1817_,29.32
_1709_,29.06
_0595_,29.02
_1701_,29.02
_1778_,28.98
_1850_,28.98
_0357_,28.93
_1426_,28.9
_2135_,28.9
in_data[114],28.88
_2037_,28.82
_2059_,28.58
_0604_,28.56
_1343_,28.52
_0339_,28.5
_1530_,28.48
in_data[212],28.47
_0586_,28.42
in_data[493],28.26
_1551_,28.24
_0950_,28.04
_0112_,28.02
net1042,27.82
_2199_,27.76
_1520_,27.72
_0516_,27.68
_1148_,27.58
_0673_,27.56
_1702_,27.56
_2126_,27.5
_1436_,27.31
_0687_,27.26
_1575_,27.26
_1175_,27.22
net1057,27.2
_1638_,27.1
_0476_,27.06
net1060,26.96
_2050_,26.88
_0727_,26.84
_2010_,26.66
net1044,26.64
net1040,26.56
_0256_,26.54
_1287_,26.54
_1785_,26.5
_0573_,26.44
_0676_,26.42
_0283_,26.24
_2148_,26.24
net1056,26.22
_1913_,26.2
_0275_,26.1
_0873_,26.1
_0278_,26.06
net1045,26.04
_0488_,26.02
_1697_,26
_1842_,25.94
_0685_,25.88
_0284_,25.64
_2033_,25.64
_1705_,25.6
_1758_,25.56
_0734_,25.52
_2024_,25.48
_1056_,25.46
_1298_,25.46
_0235_,25.45
_2081_,25.36
_2098_,25.28
_0609_,25.21
_1639_,25.14
in_data[578],25.12
net1075,25.115
_0117_,25.06
_2142_,25.06
_2200_,24.96
_1848_,24.73
_2168_,24.72
_0240_,24.64
_2117_,24.6
_1617_,24.48
_0742_,24.46
_1856_,24.4
_1637_,24.38
_0641_,24.37
_0477_,24.26
_1684_,24.2
_1132_,24.19
_0570_,24.18
_0736_,24.14
_1574_,24.14
_0678_,24.04
_1847_,23.96
_0289_,23.88
_0751_,23.8
_1897_,23.72
in_data[986],23.66
_1451_,23.64
_1823_,23.64
_0652_,23.58
net1043,23.58
_2156_,23.5
_1896_,23.42
net1080,23.4
_0935_,23.38
_0744_,23.3
_0332_,23.24
_2112_,23.24
_0273_,22.98
_1962_,22.955
_2131_,22.88
_0669_,22.86
_1178_,22.86
_0189_,22.84
_1582_,22.84
_0831_,22.74
in_data[249],22.74
_0287_,22.72
_0660_,22.72
_1269_,22.72
_2123_,22.68
_0740_,22.54
_1985_,22.54
_0867_,22.52
_1464_,22.5
_1765_,22.5
_1668_,22.48
_1998_,22.46
_0265_,22.4
_1496_,22.28
_0511_,22.14
net1062,22.1
in_data[737],22.07
_2175_,22.02
_0889_,21.94
_0518_,21.92
_0929_,21.86
_1621_,21.82
_2028_,21.78
_0244_,21.54
_1868_,21.48
_0306_,21.46
_1183_,21.4
_1134_,21.38
_0338_,21.28
_1501_,21.24
_2161_,21.24
_0883_,21.2
_1939_,21.2
_1555_,21.18
_0560_,21.16
_1720_,21.16
_0173_,20.76
net1050,20.76
_0342_,20.74
_1665_,20.7
_1073_,20.68
_1884_,20.68
_2207_,20.62
_1870_,20.56
_0202_,20.48
_1226_,20.48
_0504_,20.46
_0069_,20.42
_0290_,20.38
_0680_,20.34
_0737_,20.34
_0857_,20.32
_1276_,20.28
in_data[100],20.26
_0542_,20.22
_0735_,20.18
net1074,20.18
_1937_,20.16
_1840_,20.14
_0622_,20.1
_1865_,20.04
_1325_,20
_1636_,19.915
_0213_,19.88
in_data[121],19.86
_1761_,19.84
_2110_,19.82
_1938_,19.8
_0089_,19.74
_1845_,19.74
in_data[740],19.68
_0879_,19.64
_1775_,19.64
_2183_,19.6
_2095_,19.58
_1559_,19.525
_0953_,19.52
_2136_,19.52
in_data[576],19.52
_1557_,19.515
_0694_,19.48
_1373_,19.46
_1798_,19.435
_2104_,19.42
_1086_,19.41
_1735_,19.4
_2027_,19.4
_0699_,19.38
_1734_,19.3
_2045_,19.24
_2124_,19.2
_2108_,19.18
_1851_,19.08
_0506_,19.06
_1871_,19.06
in_data[922],19.06
_1916_,18.98
_1232_,18.96
_1787_,18.96
_0302_,18.94
_0621_,18.94
_1690_,18.86
_1130_,18.82
_1250_,18.82
_1517_,18.82
_1266_,18.78
_1738_,18.7
_1892_,18.66
_1067_,18.62
_0658_,18.48
_1322_,18.48
_1960_,18.44
_1672_,18.4
_1914_,18.4
_1355_,18.28
_0898_,18.26
_1834_,18.24
_2138_,18.24
_1075_,18.22
_0340_,18.2
_1633_,18.2
_1018_,18.14
_0743_,18.1
_1671_,18.1
net1078,18.08
_0193_,18.02
_0825_,18.01
in_data[1000],18.01
net1079,18
_0221_,17.98
_1900_,17.96
_1412_,17.94
_1733_,17.94
_1766_,17.94
_1826_,17.94
_1047_,17.92
_0238_,17.88
_1631_,17.84
in_data[56],17.84
_2000_,17.82
_0940_,17.78
_1853_,17.74
_0068_,17.68
_1150_,17.68
_1283_,17.68
_0624_,17.64
in_data[828],17.64
_0633_,17.58
_1713_,17.56
_2002_,17.56
_1629_,17.52
_1203_,17.48
_2013_,17.48
_1866_,17.46
_1751_,17.44
_1591_,17.42
_1782_,17.42
_1762_,17.4
_2116_,17.4
_1380_,17.36
_1855_,17.32
_0233_,17.3
_1726_,17.3
in_data[712],17.3
in_data[721],17.3
in_data[97],17.3
net1048,17.3
_0665_,17.28
net1065,17.27
_1793_,17.24
in_data[203],17.22
in_data[258],17.22
in_data[895],17.22
_1247_,17.2
_0877_,17.14
_1593_,17.14
_1033_,17.12
_1093_,17.12
_1991_,17.1
_1569_,17.02
_1309_,16.98
_2001_,16.94
_1646_,16.92
in_data[193],16.92
in_data[75],16.92
in_data[874],16.92
_1956_,16.9
_1992_,16.84
_1886_,16.82
_0255_,16.8
_0739_,16.8
_0105_,16.78
_0131_,16.78
_1523_,16.78
_1958_,16.76
in_data[460],16.76
in_data[670],16.76
_1454_,16.72
_1943_,16.7
_1477_,16.68
_0156_,16.66
_1796_,16.62
_1139_,16.6
_2006_,16.58
in_data[396],16.58
in_data[947],16.58
in_data[859],16.57
_0571_,16.56
_1627_,16.56
net1036,16.56
_1541_,16.54
_1352_,16.52
in_data[142],16.46
_0364_,16.44
_1149_,16.44
_2090_,16.42
net1070,16.42
_1338_,16.38
_2141_,16.38
in_data[448],16.38
_1752_,16.3
_0664_,16.26
_1936_,16.26
_2118_,16.18
net1047,16.17
_1432_,16.16
_0672_,16.12
in_data[211],16.12
in_data[768],16.12
_0524_,16.08
_1881_,16.08
_1854_,16.02
in_data[254],16
_0590_,15.98
_1663_,15.98
_2005_,15.98
_1786_,15.92
in_data[113],15.92
in_data[325],15.92
in_data[790],15.92
in_data[929],15.92
_1829_,15.88
_0771_,15.86
_2072_,15.86
_1213_,15.84
_1489_,15.84
_2122_,15.82
_1764_,15.72
_0852_,15.7
_1347_,15.56
_1993_,15.56
in_data[151],15.54
_0254_,15.52
_0931_,15.52
_1437_,15.52
_1924_,15.5
_0241_,15.48
_0345_,15.46
_0682_,15.44
_1981_,15.44
_1675_,15.42
_1941_,15.42
_0182_,15.4
_1994_,15.38
_0520_,15.37
_0471_,15.32
_1657_,15.28
_1740_,15.28
_0486_,15.16
net1052,15.16
_0905_,15.14
_2074_,15.12
_0195_,15.08
_0530_,15.08
in_data[441],15.05
in_data[854],15.05
net1054,15.05
_1768_,15.02
_2162_,15.02
in_data[229],15
_2019_,14.94
_2125_,14.94
_0872_,14.92
_1867_,14.92
_1812_,14.9
_1192_,14.88
_0327_,14.82
_0592_,14.82
in_data[46],14.82
_1824_,14.81
_0829_,14.8
_1414_,14.78
_1549_,14.78
net1051,14.775
in_data[499],14.71
_0916_,14.7
_1313_,14.7
_1967_,14.7
net1072,14.7
in_data[979],14.68
_1547_,14.64
in_data[1006],14.62
in_data[104],14.62
in_data[139],14.62
in_data[400],14.62
in_data[515],14.62
in_data[532],14.62
in_data[536],14.62
in_data[547],14.62
in_data[639],14.62
in_data[650],14.62
in_data[655],14.62
in_data[666],14.62
in_data[706],14.62
in_data[900],14.62
in_data[937],14.62
in_data[956],14.62
_1291_,14.58
_0723_,14.56
_1063_,14.56
_1700_,14.56
in_data[196],14.54
in_data[207],14.54
in_data[23],14.54
in_data[451],14.54
in_data[636],14.54
in_data[781],14.54
in_data[860],14.54
in_data[880],14.54
in_data[939],14.54
in_data[982],14.54
in_data[993],14.54
_1677_,14.5
_0510_,14.48
_1800_,14.48
_1576_,14.45
_1927_,14.44
_1666_,14.42
out_code[3],14.4
_1052_,14.36
_1678_,14.36
_2187_,14.36
_0603_,14.34
_1788_,14.34
_0859_,14.32
_0458_,14.3
_0121_,14.24
in_data[63],14.24
_1563_,14.22
_1772_,14.22
in_data[186],14.21
in_data[148],14.16
in_data[157],14.16
in_data[165],14.16
in_data[169],14.16
in_data[195],14.16
in_data[202],14.16
in_data[257],14.16
in_data[30],14.16
in_data[320],14.16
in_data[377],14.16
in_data[386],14.16
in_data[420],14.16
in_data[427],14.16
in_data[438],14.16
in_data[47],14.16
in_data[508],14.16
in_data[562],14.16
in_data[580],14.16
in_data[588],14.16
in_data[614],14.16
in_data[618],14.16
in_data[694],14.16
in_data[710],14.16
in_data[715],14.16
in_data[74],14.16
in_data[753],14.16
in_data[760],14.16
in_data[802],14.16
in_data[822],14.16
in_data[856],14.16
in_data[88],14.16
in_data[892],14.16
_1710_,14.155
_2041_,14.14
_0169_,14.12
_0833_,14.1
_1468_,14.1
_2197_,14.1
_1317_,14.08
in_data[110],14.08
in_data[11],14.08
in_data[153],14.08
in_data[182],14.08
in_data[194],14.08
in_data[210],14.08
in_data[225],14.08
in_data[253],14.08
in_data[264],14.08
in_data[290],14.08
in_data[304],14.08
in_data[306],14.08
in_data[319],14.08
in_data[359],14.08
in_data[365],14.08
in_data[374],14.08
in_data[401],14.08
in_data[468],14.08
in_data[488],14.08
in_data[504],14.08
in_data[506],14.08
in_data[51],14.08
in_data[522],14.08
in_data[542],14.08
in_data[579],14.08
in_data[601],14.08
in_data[602],14.08
in_data[611],14.08
in_data[625],14.08
in_data[627],14.08
in_data[656],14.08
in_data[709],14.08
in_data[730],14.08
in_data[783],14.08
in_data[808],14.08
in_data[836],14.08
in_data[853],14.08
in_data[868],14.08
in_data[882],14.08
in_data[941],14.08
in_data[948],14.08
in_data[975],14.08
_2040_,14.06
_1954_,14.04
in_data[424],14.03
in_data[473],14.03
_0722_,14.02
_1194_,14.02
_1237_,14
_0527_,13.94
_1836_,13.94
_1679_,13.9
_2084_,13.88
_0943_,13.84
_1831_,13.84
_1852_,13.84
_1922_,13.84
_1783_,13.82
in_data[332],13.82
in_data[342],13.82
in_data[358],13.82
in_data[378],13.82
in_data[436],13.82
in_data[45],13.82
in_data[479],13.82
in_data[555],13.82
in_data[584],13.82
in_data[667],13.82
in_data[898],13.82
_1790_,13.8
net1064,13.8
_0177_,13.78
_1344_,13.78
_0369_,13.76
_1505_,13.76
_1921_,13.76
_1337_,13.74
_1410_,13.72
_0711_,13.715
_1295_,13.7
in_data[313],13.7
in_data[335],13.7
in_data[372],13.7
in_data[689],13.7
in_data[851],13.7
in_data[872],13.7
in_data[368],13.69
in_data[494],13.69
in_data[807],13.69
_1730_,13.68
_0210_,13.66
_1289_,13.66
_2146_,13.66
_2048_,13.62
in_data[166],13.62
in_data[348],13.62
in_data[375],13.62
in_data[567],13.62
in_data[597],13.62
in_data[659],13.62
in_data[678],13.62
in_data[680],13.62
in_data[73],13.62
in_data[787],13.62
in_data[809],13.62
in_data[879],13.62
net1066,13.58
_0074_,13.56
_0159_,13.56
_0562_,13.56
_1019_,13.54
_1819_,13.52
_2035_,13.52
_0549_,13.5
_1564_,13.5
_1784_,13.5
_2147_,13.48
_1708_,13.46
_2065_,13.44
_2070_,13.44
_1651_,13.42
_1032_,13.4
_0085_,13.38
_1125_,13.38
in_data[701],13.36
in_data[923],13.35
_0496_,13.34
_1293_,13.34
_1804_,13.32
in_data[291],13.32
_0901_,13.3
_2046_,13.3
_0490_,13.2
_1111_,13.2
_1997_,13.2
_0493_,13.18
_1490_,13.18
_1879_,13.18
_2022_,13.18
in_data[233],13.16
in_data[431],13.16
in_data[502],13.16
in_data[649],13.16
in_data[663],13.16
in_data[755],13.16
in_data[78],13.16
in_data[844],13.16
_0462_,13.1
_0584_,13.1
_1492_,13.1
_1524_,13.1
_0129_,13.08
_1113_,13.08
_1882_,13.08
_1369_,13.06
_1398_,13.06
_2064_,13.06
_0947_,13.04
in_data[366],13.04
in_data[309],13.01
in_data[41],13.01
in_data[500],13.01
in_data[692],13.01
_0899_,12.98
_0593_,12.96
_0861_,12.96
_1418_,12.96
_1971_,12.92
_0319_,12.9
_1590_,12.88
_2076_,12.88
_2140_,12.88
_0914_,12.87
_1217_,12.86
_1485_,12.86
_1527_,12.86
in_data[1015],12.86
_1662_,12.84
_1835_,12.84
_2091_,12.84
in_data[480],12.84
_1070_,12.82
_1909_,12.82
_1894_,12.74
_1959_,12.72
_2083_,12.7
in_data[0],12.7
in_data[275],12.7
in_data[364],12.7
in_data[551],12.7
in_data[640],12.7
in_data[748],12.7
in_data[861],12.7
_0277_,12.68
in_data[271],12.67
in_data[804],12.67
_1272_,12.64
_2190_,12.64
_1566_,12.62
_1811_,12.62
_2014_,12.62
out_code[0],12.62
_1282_,12.6
_1725_,12.595
_0663_,12.59
_0279_,12.58
_1694_,12.58
net1059,12.58
_0871_,12.52
_1256_,12.52
in_data[626],12.52
_0514_,12.5
_1584_,12.5
_2020_,12.5
_1077_,12.48
_1707_,12.42
_1057_,12.4
_1254_,12.38
in_data[301],12.38
in_data[485],12.38
in_data[793],12.38
_0568_,12.36
_1331_,12.36
_1753_,12.3
_0440_,12.28
_0937_,12.28
_1263_,12.24
in_data[161],12.24
in_data[347],12.24
in_data[367],12.24
in_data[439],12.24
in_data[443],12.24
in_data[486],12.24
in_data[540],12.24
in_data[55],12.24
in_data[572],12.24
in_data[612],12.24
in_data[61],12.24
in_data[638],12.24
in_data[70],12.24
in_data[713],12.24
in_data[718],12.24
in_data[817],12.24
in_data[855],12.24
in_data[873],12.24
in_data[876],12.24
in_data[888],12.24
in_data[911],12.24
in_data[955],12.24
in_data[95],12.24
in_data[987],12.24
in_data[991],12.24
in_data[992],12.24
in_data[996],12.24
_1361_,12.185
_1682_,12.18
_1755_,12.18
_2029_,12.18
_0438_,12.16
_1115_,12.16
_1341_,12.16
_1400_,12.16
_1233_,12.14
_2031_,12.12
_0101_,12.08
_1055_,12.04
_2089_,12.04
in_data[457],12.04
net1067,12.02
_2042_,12
_0896_,11.97
_1538_,11.96
_2049_,11.96
_1652_,11.94
_1898_,11.92
in_data[109],11.92
_2166_,11.86
_0482_,11.82
_0903_,11.82
_0689_,11.8
_1952_,11.8
_1248_,11.78
_1433_,11.78
in_data[1002],11.78
in_data[1009],11.78
in_data[1014],11.78
in_data[1018],11.78
in_data[102],11.78
in_data[103],11.78
in_data[134],11.78
in_data[135],11.78
in_data[145],11.78
in_data[146],11.78
in_data[14],11.78
in_data[15],11.78
in_data[171],11.78
in_data[172],11.78
in_data[17],11.78
in_data[180],11.78
in_data[181],11.78
in_data[18],11.78
in_data[199],11.78
in_data[1],11.78
in_data[200],11.78
in_data[204],11.78
in_data[205],11.78
in_data[216],11.78
in_data[221],11.78
in_data[22],11.78
in_data[236],11.78
in_data[266],11.78
in_data[267],11.78
in_data[286],11.78
in_data[287],11.78
in_data[298],11.78
in_data[310],11.78
in_data[315],11.78
in_data[327],11.78
in_data[33],11.78
in_data[340],11.78
in_data[379],11.78
in_data[381],11.78
in_data[384],11.78
in_data[391],11.78
in_data[394],11.78
in_data[40],11.78
in_data[411],11.78
in_data[415],11.78
in_data[418],11.78
in_data[429],11.78
in_data[42],11.78
in_data[442],11.78
in_data[444],11.78
in_data[445],11.78
in_data[464],11.78
in_data[465],11.78
in_data[466],11.78
in_data[470],11.78
in_data[472],11.78
in_data[481],11.78
in_data[48],11.78
in_data[496],11.78
in_data[511],11.78
in_data[517],11.78
in_data[526],11.78
in_data[554],11.78
in_data[558],11.78
in_data[598],11.78
in_data[600],11.78
in_data[635],11.78
in_data[647],11.78
in_data[664],11.78
in_data[668],11.78
in_data[674],11.78
in_data[68],11.78
in_data[69],11.78
in_data[758],11.78
in_data[761],11.78
in_data[771],11.78
in_data[792],11.78
in_data[794],11.78
in_data[810],11.78
in_data[814],11.78
in_data[829],11.78
in_data[82],11.78
in_data[833],11.78
in_data[852],11.78
in_data[865],11.78
in_data[866],11.78
in_data[869],11.78
in_data[875],11.78
in_data[881],11.78
in_data[887],11.78
in_data[918],11.78
in_data[921],11.78
in_data[928],11.78
in_data[930],11.78
in_data[943],11.78
in_data[951],11.78
in_data[965],11.78
_1580_,11.72
_0545_,11.7
_1119_,11.7
_1561_,11.7
out_code[4],11.68
out_code[6],11.68
_1356_,11.66
_0644_,11.64
_0107_,11.62
_2066_,11.6
_2157_,11.6
in_data[189],11.6
_0091_,11.58
_1367_,11.58
_1571_,11.58
_1774_,11.58
_1875_,11.575
_0918_,11.52
_1342_,11.52
_0540_,11.48
_0945_,11.48
_2159_,11.48
in_data[191],11.48
in_data[553],11.48
in_data[632],11.48
in_data[820],11.48
in_data[838],11.48
in_data[92],11.48
in_data[940],11.48
in_data[971],11.48
in_data[99],11.48
_0167_,11.42
_1944_,11.36
_0465_,11.34
_0455_,11.32
in_data[10],11.32
in_data[112],11.32
in_data[158],11.32
in_data[174],11.32
in_data[269],11.32
in_data[276],11.32
in_data[293],11.32
in_data[299],11.32
in_data[369],11.32
in_data[380],11.32
in_data[422],11.32
in_data[507],11.32
in_data[543],11.32
in_data[570],11.32
in_data[599],11.32
in_data[634],11.32
in_data[648],11.32
in_data[653],11.32
in_data[675],11.32
in_data[719],11.32
in_data[797],11.32
in_data[813],11.32
in_data[884],11.32
in_data[894],11.32
in_data[912],11.32
in_data[974],11.32
in_data[98],11.32
in_data[994],11.32
_0072_,11.26
_1037_,11.26
_1315_,11.26
_1986_,11.26
_0536_,11.24
_0841_,11.24
_0868_,11.24
_1138_,11.24
_1059_,11.2
_1351_,11.2
_1659_,11.16
_0565_,11.12
_0863_,11.12
_1306_,11.12
_1339_,11.12
_1498_,11.12
_1611_,11.12
_2051_,11.12
_1996_,11.1
_2030_,11.06
_1279_,11.04
_1719_,11.04
_0296_,11.02
_1885_,11.02
in_data[1013],11.02
in_data[107],11.02
in_data[13],11.02
in_data[160],11.02
in_data[164],11.02
in_data[213],11.02
in_data[244],11.02
in_data[329],11.02
in_data[333],11.02
in_data[338],11.02
in_data[352],11.02
in_data[373],11.02
in_data[392],11.02
in_data[3],11.02
in_data[459],11.02
in_data[514],11.02
in_data[54],11.02
in_data[660],11.02
in_data[743],11.02
in_data[770],11.02
in_data[805],11.02
in_data[933],11.02
in_data[972],11.02
_1803_,10.98
_1757_,10.96
_1151_,10.92
_1321_,10.92
in_data[133],10.91
in_data[159],10.91
in_data[355],10.91
in_data[521],10.91
in_data[643],10.91
in_data[915],10.91
_0333_,10.9
_1197_,10.9
_0710_,10.88
_0262_,10.86
net1071,10.84
_1899_,10.805
_1408_,10.8
_1732_,10.8
_2201_,10.8
_0063_,10.78
_0854_,10.78
_1511_,10.78
_2212_,10.78
_1970_,10.76
_1135_,10.74
_0856_,10.72
_0187_,10.7
_0563_,10.7
_1084_,10.7
_1370_,10.68
in_data[328],10.68
in_data[622],10.68
in_data[661],10.68
in_data[699],10.68
in_data[711],10.68
in_data[766],10.68
in_data[803],10.68
in_data[907],10.68
_0468_,10.66
_1103_,10.66
_1225_,10.66
_1442_,10.66
_1528_,10.66
_1926_,10.66
_2009_,10.66
_1902_,10.6
_0848_,10.58
_1300_,10.58
_1509_,10.58
_2055_,10.58
in_data[2],10.57
in_data[637],10.57
in_data[863],10.57
in_data[223],10.56
in_data[317],10.56
in_data[487],10.56
in_data[538],10.56
in_data[604],10.56
in_data[683],10.56
in_data[749],10.56
in_data[954],10.56
_0320_,10.53
_1655_,10.5
_1462_,10.46
_2067_,10.46
_2177_,10.46
in_data[197],10.45
in_data[288],10.45
in_data[403],10.45
in_data[509],10.45
in_data[546],10.45
in_data[566],10.45
in_data[717],10.45
in_data[733],10.45
in_data[744],10.45
in_data[812],10.45
in_data[825],10.45
in_data[961],10.45
_0444_,10.44
_1068_,10.42
net1053,10.42
_0938_,10.4
_1828_,10.4
_1281_,10.36
_1625_,10.36
_0538_,10.34
_0942_,10.34
_1513_,10.32
_0911_,10.3
_0452_,10.28
_0662_,10.28
_1724_,10.28
_0459_,10.25
_0103_,10.24
_0522_,10.24
in_data[155],10.23
in_data[185],10.23
in_data[206],10.23
in_data[383],10.23
in_data[528],10.23
in_data[581],10.23
in_data[603],10.23
in_data[64],10.23
in_data[799],10.23
in_data[901],10.23
in_data[973],10.23
_0234_,10.22
in_data[559],10.22
in_data[983],10.22
_0508_,10.2
_1271_,10.2
_1424_,10.2
_1693_,10.2
_1887_,10.2
_1153_,10.12
_2209_,10.12
in_data[19],10.11
in_data[215],10.11
in_data[237],10.11
in_data[284],10.11
in_data[28],10.11
in_data[326],10.11
in_data[336],10.11
in_data[350],10.11
in_data[371],10.11
in_data[456],10.11
in_data[510],10.11
in_data[651],10.11
in_data[703],10.11
in_data[782],10.11
in_data[893],10.11
_1545_,10.1
in_data[138],10.1
in_data[167],10.1
in_data[26],10.1
in_data[331],10.1
in_data[577],10.1
in_data[698],10.1
in_data[704],10.1
_0982_,10.08
_1431_,10
_1285_,9.98
_2163_,9.98
out_code[7],9.98
_1327_,9.94
_1596_,9.94
_0827_,9.9
_1973_,9.9
in_data[1016],9.89
in_data[105],9.89
in_data[106],9.89
in_data[490],9.89
in_data[617],9.89
in_data[832],9.89
in_data[885],9.89
_0276_,9.88
_0448_,9.88
_0555_,9.88
_0305_,9.86
_0454_,9.86
_1186_,9.86
_1230_,9.86
_1494_,9.86
_1540_,9.86
_1609_,9.86
_2128_,9.86
_1112_,9.83
_1479_,9.82
_1642_,9.82
_1841_,9.82
net1082,9.82
net1049,9.78
in_data[101],9.77
in_data[1020],9.77
in_data[115],9.77
in_data[124],9.77
in_data[248],9.77
in_data[278],9.77
in_data[289],9.77
in_data[302],9.77
in_data[351],9.77
in_data[53],9.77
in_data[739],9.77
in_data[842],9.77
in_data[850],9.77
in_data[857],9.77
in_data[909],9.76
_2047_,9.74
in_data[919],9.71
_1364_,9.675
_1354_,9.66
_1420_,9.66
_0463_,9.64
_0696_,9.64
_1095_,9.64
in_data[242],9.64
in_data[57],9.64
in_data[695],9.64
_1214_,9.62
_2086_,9.62
_1883_,9.605
_1814_,9.6
in_data[220],9.55
in_data[404],9.55
in_data[624],9.55
in_data[641],9.55
in_data[662],9.55
in_data[827],9.55
in_data[883],9.55
in_data[926],9.55
in_data[93],9.55
_2018_,9.54
in_data[1008],9.53
in_data[149],9.53
in_data[168],9.53
in_data[330],9.53
in_data[477],9.53
in_data[518],9.53
in_data[764],9.53
in_data[969],9.53
_0591_,9.52
_0837_,9.52
_1099_,9.52
_1258_,9.52
_1415_,9.52
_0556_,9.48
_2085_,9.46
_0119_,9.44
_0498_,9.44
_1085_,9.44
_1402_,9.44
_1448_,9.44
_1598_,9.44
_2078_,9.44
in_data[170],9.43
in_data[388],9.43
in_data[412],9.43
in_data[462],9.43
in_data[645],9.43
in_data[747],9.43
in_data[791],9.43
in_data[86],9.43
in_data[925],9.43
_0095_,9.42
_0456_,9.42
_1895_,9.42
out_code[2],9.42
_1833_,9.41
_0528_,9.4
_0839_,9.4
_2054_,9.4
_2134_,9.36
_0150_,9.34
_0924_,9.34
_1984_,9.34
_0145_,9.32
_0442_,9.32
_0908_,9.32
_1568_,9.32
_1602_,9.32
_1681_,9.32
_1716_,9.32
_1863_,9.32
_0175_,9.3
in_data[469],9.3
in_data[702],9.3
in_data[80],9.3
in_data[830],9.3
in_data[966],9.3
_0480_,9.28
_1216_,9.28
_1791_,9.28
_1754_,9.26
_0433_,9.22
in_data[214],9.21
in_data[27],9.21
in_data[416],9.21
in_data[489],9.21
in_data[530],9.21
in_data[587],9.21
in_data[62],9.21
_1308_,9.205
_1323_,9.2
_1686_,9.2
in_data[1010],9.19
in_data[123],9.19
in_data[217],9.19
in_data[671],9.19
in_data[677],9.19
in_data[778],9.19
in_data[839],9.19
in_data[931],9.19
in_data[962],9.19
out_code[1],9.19
_0099_,9.18
_0208_,9.18
in_data[12],9.18
in_data[152],9.18
in_data[188],9.18
in_data[201],9.18
in_data[398],9.18
in_data[633],9.18
in_data[66],9.18
in_data[759],9.18
in_data[841],9.18
in_data[942],9.18
in_data[968],9.18
in_data[977],9.18
in_data[995],9.18
in_data[9],9.18
_0553_,9.16
_1493_,9.16
_1573_,9.16
_0295_,9.14
_1365_,9.14
_2195_,9.14
_1597_,9.1
in_data[117],9.09
in_data[147],9.09
in_data[208],9.09
in_data[251],9.09
in_data[25],9.09
in_data[376],9.09
in_data[545],9.09
in_data[609],9.09
in_data[629],9.09
in_data[685],9.09
in_data[85],9.09
in_data[906],9.09
in_data[959],9.09
_1729_,9.08
_1802_,9.08
_2208_,9.08
_1174_,9.06
_2132_,9.05
_0724_,9.04
_1097_,9.04
_1270_,9.04
_1455_,9.04
_1822_,9.04
_2189_,9.02
_1750_,9
_1127_,8.98
_1129_,8.98
_1435_,8.98
_0635_,8.96
_0912_,8.96
_1935_,8.96
_0179_,8.94
_1467_,8.94
_2213_,8.94
_0191_,8.92
_0887_,8.9
_0917_,8.9
_1562_,8.9
_0104_,8.88
in_data[446],8.87
in_data[529],8.87
in_data[571],8.87
in_data[582],8.87
in_data[628],8.87
in_data[642],8.87
in_data[665],8.87
in_data[673],8.87
in_data[734],8.87
in_data[745],8.87
in_data[785],8.87
in_data[835],8.87
in_data[917],8.87
in_data[997],8.87
_0502_,8.86
_1759_,8.86
in_data[295],8.85
in_data[303],8.85
in_data[356],8.85
in_data[363],8.85
in_data[39],8.85
in_data[534],8.85
in_data[776],8.85
_1475_,8.84
in_data[691],8.84
_0932_,8.83
_0875_,8.82
_1212_,8.82
_1648_,8.78
net1077,8.78
_1748_,8.76
in_data[119],8.75
in_data[144],8.75
in_data[230],8.75
in_data[414],8.75
in_data[450],8.75
in_data[498],8.75
in_data[550],8.75
in_data[708],8.75
in_data[796],8.75
in_data[89],8.75
in_data[936],8.75
in_data[967],8.75
_0373_,8.74
_2191_,8.74
in_data[120],8.72
in_data[131],8.72
in_data[190],8.72
in_data[235],8.72
in_data[238],8.72
in_data[262],8.72
in_data[270],8.72
in_data[285],8.72
in_data[305],8.72
in_data[362],8.72
in_data[387],8.72
in_data[395],8.72
in_data[409],8.72
in_data[425],8.72
in_data[476],8.72
in_data[495],8.72
in_data[4],8.72
in_data[524],8.72
in_data[52],8.72
in_data[535],8.72
in_data[537],8.72
in_data[544],8.72
in_data[575],8.72
in_data[605],8.72
in_data[606],8.72
in_data[684],8.72
in_data[707],8.72
in_data[772],8.72
in_data[774],8.72
in_data[779],8.72
in_data[795],8.72
in_data[821],8.72
in_data[889],8.72
in_data[891],8.72
in_data[905],8.72
in_data[944],8.72
in_data[952],8.72
_2192_,8.695
_0162_,8.69
_0323_,8.68
_1199_,8.62
in_data[84],8.61
_1318_,8.6
_1813_,8.6
_2182_,8.6
_0862_,8.58
_2021_,8.58
_1469_,8.56
_1483_,8.56
_1687_,8.56
_1756_,8.56
in_data[183],8.53
in_data[505],8.53
in_data[531],8.53
in_data[705],8.53
in_data[731],8.53
_0143_,8.52
_0716_,8.52
_1029_,8.52
_1388_,8.52
_1797_,8.52
_2062_,8.52
in_data[127],8.51
in_data[129],8.51
in_data[339],8.51
in_data[360],8.51
in_data[616],8.51
in_data[690],8.51
in_data[970],8.51
in_data[978],8.51
in_data[981],8.51
_0137_,8.5
_0850_,8.5
_0880_,8.5
_1259_,8.5
_1727_,8.5
_2185_,8.5
_1053_,8.46
_1771_,8.46
_1904_,8.46
_1931_,8.44
_2111_,8.44
_1098_,8.42
in_data[1004],8.41
in_data[1023],8.41
in_data[143],8.41
in_data[163],8.41
in_data[324],8.41
in_data[419],8.41
in_data[430],8.41
in_data[564],8.41
in_data[81],8.41
in_data[837],8.41
in_data[862],8.41
in_data[903],8.41
_0124_,8.4
_0842_,8.4
_0845_,8.4
_1920_,8.4
_1394_,8.38
_1441_,8.38
in_data[130],8.38
in_data[154],8.38
in_data[222],8.38
in_data[241],8.38
in_data[259],8.38
in_data[314],8.38
in_data[393],8.38
in_data[423],8.38
in_data[428],8.38
in_data[434],8.38
in_data[449],8.38
in_data[453],8.38
in_data[475],8.38
in_data[482],8.38
in_data[520],8.38
in_data[583],8.38
in_data[623],8.38
in_data[725],8.38
in_data[736],8.38
in_data[751],8.38
in_data[757],8.38
in_data[77],8.38
in_data[789],8.38
in_data[79],8.38
in_data[815],8.38
in_data[816],8.38
in_data[831],8.38
in_data[871],8.38
in_data[878],8.38
in_data[8],8.38
in_data[924],8.38
in_data[938],8.38
in_data[963],8.38
in_data[985],8.38
_0467_,8.36
_0706_,8.36
_1255_,8.36
_0721_,8.34
_1476_,8.34
_1521_,8.34
_1976_,8.34
_1532_,8.32
_1683_,8.32
_1288_,8.3
_1942_,8.28
_1025_,8.26
_1601_,8.26
in_data[111],8.26
in_data[178],8.26
in_data[184],8.26
in_data[227],8.26
in_data[232],8.26
in_data[234],8.26
in_data[273],8.26
in_data[323],8.26
in_data[370],8.26
in_data[447],8.26
in_data[471],8.26
in_data[497],8.26
in_data[560],8.26
in_data[728],8.26
in_data[742],8.26
in_data[750],8.26
in_data[752],8.26
in_data[780],8.26
in_data[7],8.26
in_data[83],8.26
in_data[920],8.26
in_data[934],8.26
in_data[958],8.26
_0219_,8.24
_1542_,8.24
_1066_,8.2
_1268_,8.2
in_data[122],8.17
in_data[239],8.17
in_data[321],8.17
in_data[405],8.17
in_data[541],8.17
in_data[561],8.17
in_data[607],8.17
in_data[819],8.17
in_data[953],8.17
_1649_,8.16
_0535_,8.14
_0430_,8.12
_1449_,8.12
_0441_,8.1
_1189_,8.1
in_data[16],8.07
in_data[280],8.07
in_data[397],8.07
in_data[58],8.07
in_data[590],8.07
in_data[615],8.07
in_data[67],8.07
in_data[729],8.07
in_data[762],8.07
in_data[818],8.07
in_data[90],8.07
in_data[999],8.07
_0619_,8.06
_0885_,8.06
_1223_,8.06
_1586_,8.06
_0487_,8.04
_0561_,8.04
_1624_,8.04
_2210_,8.04
_0141_,8.02
_0181_,8.02
_1088_,8.02
_1141_,8.02
_0544_,8
_1201_,8
_0637_,7.98
_1439_,7.98
_0087_,7.96
_0110_,7.94
_0135_,7.94
_0447_,7.94
_0492_,7.94
_1166_,7.94
_1299_,7.94
_1861_,7.94
_2153_,7.94
in_data[591],7.93
_0670_,7.9
_1209_,7.9
_1888_,7.88
_0598_,7.875
in_data[175],7.83
in_data[513],7.83
in_data[592],7.83
in_data[619],7.83
in_data[657],7.83
in_data[897],7.83
in_data[946],7.83
_1219_,7.82
_0180_,7.8
_0881_,7.8
_0776_,7.78
_0800_,7.78
_1534_,7.78
_1042_,7.76
_0589_,7.74
_1329_,7.72
_1065_,7.71
_1187_,7.7
_2097_,7.7
_0115_,7.68
_1698_,7.68
_1877_,7.68
_0225_,7.66
_0529_,7.66
_0906_,7.66
_0910_,7.66
_1434_,7.66
_1699_,7.66
_0183_,7.64
_1773_,7.64
_1809_,7.64
_0171_,7.6
_0895_,7.6
_1195_,7.6
_1368_,7.6
_1406_,7.6
_1818_,7.6
in_data[20],7.59
in_data[754],7.59
_0874_,7.58
_0067_,7.56
_0080_,7.56
_0301_,7.56
_0335_,7.56
_1869_,7.56
_1966_,7.56
_0489_,7.54
_1461_,7.54
_1805_,7.54
_1131_,7.52
_1411_,7.52
_1910_,7.52
_0154_,7.5
_1028_,7.5
_1126_,7.5
_1144_,7.5
in_data[1019],7.49
in_data[261],7.49
in_data[658],7.49
in_data[777],7.49
in_data[945],7.49
_0165_,7.48
_1021_,7.48
_1027_,7.48
_1081_,7.48
_1156_,7.48
_0534_,7.46
_1374_,7.46
_1262_,7.42
net1055,7.4
_1039_,7.34
_0411_,7.3
_1827_,7.3
_1450_,7.28
_1515_,7.26
_0065_,7.24
_1246_,7.24
_1440_,7.235
_1023_,7.22
_1137_,7.22
_1806_,7.22
_2204_,7.22
_0132_,7.2
_0148_,7.2
_1242_,7.18
_1320_,7.18
_1375_,7.18
_1874_,7.18
_2145_,7.18
in_data[21],7.15
in_data[252],7.15
in_data[426],7.15
in_data[849],7.15
in_data[976],7.15
_0303_,7.14
_0933_,7.14
_1297_,7.14
_1905_,7.14
_0830_,7.12
_1901_,7.12
_0184_,7.1
_0766_,7.1
_1101_,7.1
_1176_,7.1
_1623_,7.1
_0092_,7.08
_1251_,7.08
_0921_,7.06
_0537_,7.04
_0888_,7.04
_1641_,7
_0376_,6.98
_0626_,6.96
_1240_,6.94
_1054_,6.92
_1484_,6.92
in_data[132],6.91
_0002_,6.9
_0948_,6.9
_1676_,6.9
_0466_,6.88
_1417_,6.88
_2038_,6.88
_1346_,6.84
_1453_,6.82
in_data[318],6.77
in_data[413],6.77
in_data[421],6.77
in_data[440],6.77
in_data[594],6.77
in_data[621],6.77
in_data[654],6.77
in_data[714],6.77
in_data[765],6.77
in_data[775],6.77
in_data[826],6.77
_1109_,6.76
_1392_,6.76
_1706_,6.76
_0445_,6.74
_0909_,6.74
_1076_,6.74
_0521_,6.72
_0552_,6.72
_0847_,6.72
_1133_,6.72
_1830_,6.72
_1838_,6.72
_2100_,6.72
_1953_,6.7
_0394_,6.66
_0500_,6.66
_0554_,6.66
_0941_,6.66
_1024_,6.66
_1072_,6.66
_1170_,6.66
_1543_,6.66
_0217_,6.64
_1061_,6.64
_1071_,6.64
_1218_,6.64
_1231_,6.64
_0149_,6.62
_0214_,6.6
_0891_,6.6
_1089_,6.6
_1117_,6.6
_1171_,6.6
_1253_,6.6
_1514_,6.6
_1691_,6.6
_1656_,6.54
_1537_,6.52
_1728_,6.52
_0768_,6.5
_0813_,6.5
net1069,6.5
_1082_,6.485
_0927_,6.48
_0082_,6.46
_1650_,6.44
in_data[523],6.43
in_data[693],6.43
in_data[858],6.43
_0782_,6.42
_0796_,6.42
_0820_,6.4
_1599_,6.38
_2007_,6.36
_1146_,6.34
_0523_,6.33
_0720_,6.32
_1383_,6.32
_1430_,6.32
_1715_,6.32
_1928_,6.32
in_data[128],6.31
in_data[173],6.31
in_data[283],6.31
in_data[312],6.31
in_data[36],6.31
in_data[435],6.31
in_data[452],6.31
in_data[458],6.31
in_data[620],6.31
in_data[646],6.31
in_data[71],6.31
in_data[76],6.31
in_data[773],6.31
in_data[784],6.31
in_data[834],6.31
in_data[848],6.31
in_data[864],6.31
in_data[877],6.31
in_data[957],6.31
_1982_,6.305
_1307_,6.3
_1915_,6.3
_2169_,6.3
_0100_,6.28
_0160_,6.28
_1060_,6.28
_0120_,6.26
_0647_,6.26
_1396_,6.26
_1595_,6.26
_1742_,6.26
_0866_,6.24
in_data[118],6.23
in_data[512],6.23
_1634_,6.225
out_code[9],6.21
_0601_,6.2
_1155_,6.2
_1482_,6.2
_1718_,6.2
_1903_,6.2
_0158_,6.18
_0389_,6.18
_0484_,6.18
_0934_,6.18
_1416_,6.18
_1760_,6.18
_2056_,6.18
_0470_,6.14
_0599_,6.14
_1143_,6.14
_1215_,6.14
_1305_,6.14
_1395_,6.14
_1978_,6.14
_0922_,6.12
in_data[1001],6.09
in_data[610],6.09
in_data[746],6.09
in_data[767],6.09
in_data[846],6.09
in_data[927],6.09
_0040_,6.08
_1202_,6.08
_1366_,6.08
_1906_,6.06
in_data[1012],5.97
in_data[1022],5.97
in_data[228],5.97
in_data[243],5.97
in_data[255],5.97
in_data[263],5.97
in_data[29],5.97
in_data[334],5.97
in_data[389],5.97
in_data[38],5.97
in_data[455],5.97
in_data[519],5.97
in_data[682],5.97
in_data[686],5.97
in_data[800],5.97
in_data[870],5.97
in_data[910],5.97
in_data[914],5.97
in_data[964],5.97
_0674_,5.94
_1357_,5.94
_2036_,5.94
_2155_,5.94
_1473_,5.895
_0315_,5.86
_0999_,5.86
_1578_,5.86
_2205_,5.86
_0220_,5.84
_1607_,5.84
_0106_,5.82
_1208_,5.82
_1445_,5.82
_1969_,5.82
_0066_,5.8
_0076_,5.8
_0157_,5.8
_0473_,5.8
_0495_,5.8
_0741_,5.8
_1062_,5.8
_1160_,5.8
_1162_,5.8
_1164_,5.8
_1615_,5.8
_1695_,5.8
_0451_,5.77
in_data[250],5.75
in_data[557],5.75
in_data[676],5.75
in_data[696],5.75
in_data[738],5.75
_0071_,5.74
_0122_,5.74
_0134_,5.74
_0140_,5.74
_0168_,5.74
_0399_,5.72
_0834_,5.72
_1031_,5.72
_1035_,5.72
_1049_,5.72
_1522_,5.72
_0439_,5.7
_1777_,5.7
_1438_,5.68
_1506_,5.68
_1995_,5.68
_2082_,5.68
in_data[125],5.63
in_data[162],5.63
in_data[209],5.63
in_data[219],5.63
in_data[226],5.63
in_data[274],5.63
in_data[279],5.63
in_data[292],5.63
in_data[294],5.63
in_data[300],5.63
in_data[308],5.63
in_data[337],5.63
in_data[345],5.63
in_data[353],5.63
in_data[408],5.63
in_data[410],5.63
in_data[417],5.63
in_data[484],5.63
in_data[527],5.63
in_data[533],5.63
in_data[565],5.63
in_data[569],5.63
in_data[596],5.63
in_data[65],5.63
in_data[681],5.63
in_data[6],5.63
in_data[724],5.63
in_data[732],5.63
in_data[756],5.63
in_data[769],5.63
in_data[806],5.63
in_data[899],5.63
in_data[932],5.63
in_data[989],5.63
_0096_,5.62
_0378_,5.62
_0481_,5.62
_1660_,5.62
_1749_,5.62
_0093_,5.6
_0869_,5.595
_0374_,5.58
_1722_,5.55
_1837_,5.52
_1932_,5.52
_2127_,5.52
_0436_,5.5
_1000_,5.5
_1145_,5.5
_1499_,5.5
_1968_,5.5
_1211_,5.495
_0648_,5.48
_1428_,5.48
_1324_,5.46
_1658_,5.46
_0190_,5.44
_0654_,5.44
_1696_,5.44
in_data[1021],5.41
in_data[341],5.41
in_data[586],5.41
in_data[916],5.41
_0408_,5.4
_0984_,5.4
_1536_,5.4
_1878_,5.4
_2063_,5.4
_0293_,5.38
_0317_,5.38
_0564_,5.38
_0636_,5.38
_0849_,5.38
_1516_,5.38
_1979_,5.38
_0551_,5.36
_0858_,5.36
_1006_,5.36
_0558_,5.34
_1244_,5.34
_1443_,5.34
_1622_,5.34
_1120_,5.31
in_data[1011],5.29
in_data[224],5.29
in_data[246],5.29
in_data[346],5.29
in_data[399],5.29
in_data[463],5.29
in_data[474],5.29
in_data[491],5.29
in_data[525],5.29
in_data[574],5.29
in_data[589],5.29
in_data[5],5.29
in_data[631],5.29
in_data[688],5.29
in_data[72],5.29
in_data[763],5.29
in_data[867],5.29
in_data[913],5.29
in_data[96],5.29
_0007_,5.28
_0525_,5.28
_0686_,5.28
_0925_,5.28
_1105_,5.28
_1196_,5.28
_1310_,5.28
_1592_,5.28
_1618_,5.28
_1810_,5.28
_1858_,5.28
_2167_,5.28
_0024_,5.26
_0762_,5.26
_0886_,5.26
_1769_,5.26
_1770_,5.26
_2137_,5.26
_1102_,5.25
_0185_,5.22
_0346_,5.22
_0460_,5.22
_1079_,5.22
_1207_,5.22
_1229_,5.22
_1236_,5.22
_0011_,5.19
_0052_,5.16
_0114_,5.16
_0270_,5.16
_0280_,5.16
_0616_,5.16
_0792_,5.16
_0988_,5.16
_1360_,5.16
_0788_,5.14
_1257_,5.14
net1073,5.14
_0164_,5.12
_1632_,5.12
in_data[108],5.07
in_data[187],5.07
in_data[31],5.07
in_data[37],5.07
in_data[549],5.07
in_data[679],5.07
in_data[824],5.07
in_data[904],5.07
in_data[950],5.07
_0379_,5.06
_0013_,5.02
_0035_,5.02
_1405_,5.02
_1495_,5.02
_1815_,5.02
_1227_,5
_1923_,5
_1078_,4.975
_1389_,4.96
in_data[140],4.95
in_data[179],4.95
in_data[192],4.95
in_data[198],4.95
in_data[231],4.95
in_data[247],4.95
in_data[24],4.95
in_data[265],4.95
in_data[277],4.95
in_data[282],4.95
in_data[316],4.95
in_data[354],4.95
in_data[357],4.95
in_data[492],4.95
in_data[50],4.95
in_data[539],4.95
in_data[552],4.95
in_data[630],4.95
in_data[652],4.95
in_data[700],4.95
in_data[716],4.95
in_data[722],4.95
in_data[723],4.95
in_data[798],4.95
in_data[811],4.95
in_data[843],4.95
in_data[845],4.95
in_data[87],4.95
in_data[886],4.95
in_data[91],4.95
in_data[949],4.95
in_data[94],4.95
in_data[990],4.95
_0009_,4.94
_0192_,4.94
_2092_,4.94
_0059_,4.92
_0300_,4.92
_1179_,4.92
_1529_,4.92
_1961_,4.92
_0102_,4.9
_0461_,4.9
_0679_,4.9
_0864_,4.9
_1654_,4.9
_1795_,4.9
_2144_,4.89
_0499_,4.88
_0844_,4.88
_0865_,4.88
_0904_,4.88
_1100_,4.88
_1180_,4.88
_1558_,4.88
_2171_,4.88
_1050_,4.85
out_code[5],4.85
out_code[8],4.85
_0075_,4.82
_0344_,4.82
_0358_,4.82
_0513_,4.82
_0785_,4.82
_1043_,4.82
_1108_,4.82
_1403_,4.82
_1404_,4.82
_0617_,4.8
_0755_,4.8
_0804_,4.8
_1353_,4.8
_1376_,4.8
_1503_,4.8
_1616_,4.8
_1630_,4.8
_1799_,4.8
_1957_,4.8
_0229_,4.78
_0546_,4.78
_1261_,4.78
_1832_,4.76
_1912_,4.76
in_data[268],4.73
in_data[361],4.73
in_data[390],4.73
in_data[613],4.73
_0006_,4.7
_0403_,4.7
_0420_,4.7
_0994_,4.68
_1413_,4.68
_0176_,4.65
in_data[1003],4.61
in_data[177],4.61
in_data[256],4.61
in_data[281],4.61
in_data[344],4.61
in_data[454],4.61
in_data[483],4.61
in_data[501],4.61
in_data[516],4.61
in_data[568],4.61
in_data[608],4.61
in_data[687],4.61
in_data[741],4.61
in_data[786],4.61
in_data[984],4.61
_0005_,4.6
_0043_,4.6
_0396_,4.6
_1335_,4.6
_1372_,4.6
_0113_,4.58
_0253_,4.58
_0316_,4.58
_0853_,4.58
_1478_,4.58
_1525_,4.58
_1930_,4.58
net1063,4.56
_1265_,4.54
_1458_,4.515
_0876_,4.49
_1122_,4.49
_0263_,4.48
_0640_,4.48
_1290_,4.48
_1303_,4.48
_1332_,4.48
_1447_,4.48
_1452_,4.48
_0474_,4.46
_0731_,4.46
_1158_,4.46
_1181_,4.46
_1397_,4.46
_1466_,4.46
_1572_,4.46
_1723_,4.46
_1731_,4.46
_1951_,4.46
_0505_,4.44
_1074_,4.44
_1114_,4.44
_0126_,4.42
_0127_,4.42
_0144_,4.42
_1471_,4.42
_1925_,4.42
_2096_,4.42
_1504_,4.4
in_data[260],4.39
in_data[272],4.39
in_data[322],4.39
in_data[32],4.39
in_data[34],4.39
in_data[407],4.39
in_data[437],4.39
in_data[49],4.39
in_data[585],4.39
in_data[823],4.39
in_data[960],4.39
in_data[998],4.39
valid,4.39
_0151_,4.36
_0548_,4.36
_0559_,4.36
_0688_,4.36
_0855_,4.36
_1030_,4.36
_1106_,4.36
_1123_,4.36
_1314_,4.36
_1588_,4.36
_0147_,4.34
_0172_,4.34
_0939_,4.34
_0991_,4.34
_1036_,4.34
_1044_,4.34
_1128_,4.34
_1185_,4.34
_1221_,4.34
_1245_,4.34
_1385_,4.34
_1425_,4.34
_1429_,4.34
_1491_,4.34
_1587_,4.34
_1610_,4.34
_1643_,4.34
_1167_,4.325
_0656_,4.32
_1349_,4.32
in_data[1005],4.27
in_data[1017],4.27
in_data[136],4.27
in_data[156],4.27
in_data[245],4.27
in_data[296],4.27
in_data[297],4.27
in_data[307],4.27
in_data[343],4.27
in_data[35],4.27
in_data[382],4.27
in_data[385],4.27
in_data[402],4.27
in_data[406],4.27
in_data[433],4.27
in_data[43],4.27
in_data[44],4.27
in_data[467],4.27
in_data[478],4.27
in_data[503],4.27
in_data[556],4.27
in_data[644],4.27
in_data[669],4.27
in_data[672],4.27
in_data[788],4.27
in_data[801],4.27
in_data[840],4.27
in_data[847],4.27
in_data[896],4.27
in_data[935],4.27
in_data[980],4.27
_0816_,4.24
_0979_,4.24
_1016_,4.24
_1363_,4.24
_1238_,4.23
_0049_,4.22
_0815_,4.22
_0860_,4.22
_0944_,4.215
_0453_,4.185
_0061_,4.14
_0386_,4.14
_0822_,4.14
_2044_,4.135
_0690_,4.12
_0726_,4.12
_1544_,4.12
_0884_,4.1
_1003_,4.1
_1182_,4.095
_1064_,4.03
_1096_,4.03
_0064_,4.02
_0237_,4.02
_0729_,4.02
_1205_,4.02
_1606_,4.02
_1873_,4.02
_2032_,4.02
_2094_,4.02
_2139_,4.02
_0920_,4.01
_0073_,4
_0123_,4
_0130_,4
_0328_,4
_0526_,4
_0588_,4
_0919_,4
_0952_,4
_1083_,4
_1152_,4
_1168_,4
_1173_,4
_1311_,4
_1333_,4
_1465_,4
_1645_,4
_1763_,4
_1767_,4
_1964_,4
net1061,4
_0166_,3.98
_0661_,3.98
_0457_,3.97
_0517_,3.97
_0086_,3.94
in_data[1007],3.93
in_data[116],3.93
in_data[141],3.93
in_data[150],3.93
in_data[240],3.93
in_data[311],3.93
in_data[349],3.93
in_data[461],3.93
in_data[548],3.93
in_data[573],3.93
in_data[593],3.93
in_data[595],3.93
in_data[60],3.93
in_data[697],3.93
in_data[727],3.93
in_data[902],3.93
in_data[908],3.93
in_data[988],3.93
_0576_,3.91
_0443_,3.9
_0469_,3.9
_0478_,3.9
_0485_,3.9
_0512_,3.9
_0533_,3.9
_0605_,3.9
_0836_,3.9
_0923_,3.9
_1092_,3.9
_1140_,3.9
_1661_,3.9
_1980_,3.9
_0036_,3.88
_0153_,3.88
_0483_,3.88
_0791_,3.88
_0882_,3.88
_0963_,3.88
_1022_,3.88
_1142_,3.88
_1334_,3.88
_1457_,3.88
_1546_,3.88
_1600_,3.88
_2216_,3.88
_0789_,3.78
_1560_,3.78
_1589_,3.78
_1594_,3.78
_0161_,3.71
_1316_,3.71
_1009_,3.68
_1526_,3.68
_1946_,3.68
_0615_,3.66
_0870_,3.66
_0205_,3.64
_0668_,3.64
_0707_,3.64
_1278_,3.64
_1017_,3.57
_0264_,3.56
_1004_,3.56
_1222_,3.56
_1286_,3.56
_1407_,3.56
_1508_,3.56
_1583_,3.56
_1747_,3.56
_1820_,3.56
_1891_,3.56
_2015_,3.56
_0028_,3.54
_1154_,3.54
_1198_,3.54
_1275_,3.54
_1387_,3.54
_1579_,3.54
_1955_,3.54
_0078_,3.52
_0152_,3.52
_0900_,3.52
_1080_,3.52
_1136_,3.52
_0519_,3.51
_0479_,3.47
_0507_,3.47
_0139_,3.44
_0494_,3.44
_0851_,3.44
_0913_,3.44
_0915_,3.44
_1241_,3.44
_1456_,3.44
_1628_,3.44
_1857_,3.44
_2102_,3.44
_2149_,3.44
_2151_,3.44
_0077_,3.42
_0138_,3.42
_0196_,3.42
_0449_,3.42
_0550_,3.42
_0817_,3.42
_0928_,3.42
_0960_,3.42
_0970_,3.42
_0976_,3.42
_0986_,3.42
_1110_,3.42
_1340_,3.42
_1359_,3.42
_1444_,3.42
_1548_,3.42
_1717_,3.42
_2184_,3.42
_0020_,3.32
_0375_,3.32
_0421_,3.32
_1204_,3.32
_1243_,3.32
_1249_,3.32
_1474_,3.32
_1565_,3.32
_0081_,3.3
_0989_,3.3
_1552_,3.3
_0412_,3.22
_0054_,3.2
_0515_,3.2
_0539_,3.2
_0331_,3.18
_2057_,3.18
_2133_,3.18
_0491_,3.17
_1161_,3.1
_1165_,3.1
_1423_,3.1
_1427_,3.1
_1470_,3.1
_1497_,3.1
_1550_,3.1
_1689_,3.1
_1825_,3.1
_1890_,3.1
_2165_,3.1
_0083_,3.08
_0400_,3.08
_0671_,3.08
_0719_,3.08
_1020_,3.08
_1567_,3.08
_1620_,3.08
_1794_,3.08
_0146_,3.06
_0557_,3.06
_0832_,3.06
_0838_,3.06
_1087_,3.06
_1116_,3.01
_1104_,2.98
_1118_,2.98
_2174_,2.98
_1206_,2.97
_0116_,2.96
_0298_,2.96
_0416_,2.96
_0425_,2.96
_0464_,2.96
_0606_,2.96
_0763_,2.96
_0799_,2.96
_1045_,2.96
_1193_,2.96
_1235_,2.96
_1260_,2.96
_1612_,2.96
_1789_,2.96
_1864_,2.96
_1933_,2.96
_1940_,2.96
_1239_,2.945
_0352_,2.86
_0398_,2.86
_0653_,2.86
_0972_,2.86
_1051_,2.86
_1945_,2.86
_0585_,2.84
_1472_,2.84
_1379_,2.8
_0050_,2.76
_0388_,2.76
_0773_,2.76
_1378_,2.76
_1603_,2.76
_1821_,2.76
_1893_,2.76
_1934_,2.76
_2088_,2.76
_2198_,2.76
_0000_,2.74
_0503_,2.65
_0892_,2.65
_1038_,2.65
_0203_,2.64
_0823_,2.64
_1159_,2.64
_1391_,2.64
_1409_,2.64
_1488_,2.64
_1570_,2.64
_1585_,2.64
_2077_,2.64
_0111_,2.62
_0125_,2.62
_0155_,2.62
_0472_,2.62
_0717_,2.62
_1224_,2.62
_1371_,2.62
_1502_,2.62
_1577_,2.62
_1614_,2.62
_1862_,2.62
_2008_,2.62
_2105_,2.62
_0186_,2.59
_0627_,2.58
_0098_,2.55
_0840_,2.55
_1040_,2.55
_0070_,2.52
_0133_,2.52
_0218_,2.52
_0631_,2.52
_1121_,2.52
_1157_,2.52
_0048_,2.5
_0079_,2.5
_0163_,2.5
_0207_,2.5
_0232_,2.5
_0260_,2.5
_0329_,2.5
_0543_,2.5
_0692_,2.5
_0977_,2.5
_1172_,2.5
_1200_,2.5
_2172_,2.5
_0051_,2.4
_0060_,2.4
_0108_,2.4
_0784_,2.4
_0812_,2.4
_0818_,2.4
_0826_,2.4
_1026_,2.375
_0014_,2.3
_0017_,2.3
_0770_,2.3
_0779_,2.3
_0973_,2.3
_1605_,2.3
_1714_,2.3
_1739_,2.3
_0602_,2.28
_1983_,2.28
_1220_,2.235
_0094_,2.19
_0926_,2.19
_0434_,2.18
_0824_,2.18
_1177_,2.18
_1301_,2.18
_1319_,2.18
_1419_,2.18
_1421_,2.18
_1460_,2.18
_1463_,2.18
_1539_,2.18
_1556_,2.18
_1581_,2.18
_1745_,2.18
_2026_,2.18
_0437_,2.16
_0691_,2.16
_0843_,2.16
_1169_,2.16
_1210_,2.16
_1264_,2.16
_1267_,2.16
_1273_,2.16
_1294_,2.16
_1382_,2.16
_1399_,2.16
_1626_,2.16
_1801_,2.16
_1604_,2.115
_0128_,2.08
_0174_,2.08
_1058_,2.08
_0088_,2.06
_0090_,2.06
_0118_,2.06
_0136_,2.06
_0142_,2.06
_0170_,2.06
_0178_,2.06
_0188_,2.06
_0497_,2.06
_0501_,2.06
_0531_,2.06
_0828_,2.06
_0878_,2.06
_0890_,2.06
_0894_,2.06
_0897_,2.06
_0902_,2.06
_0946_,2.06
_1048_,2.06
_1094_,2.06
_1107_,2.06
_1124_,2.06
_1280_,2.06
_1381_,2.06
_1776_,2.06
_0980_,2.04
_1002_,2.04
_1188_,2.04
_1191_,2.04
_1326_,2.04
_1531_,2.04
_0018_,1.94
_0047_,1.94
_0390_,1.94
_0435_,1.94
_1480_,1.94
_2119_,1.94
_1090_,1.915
_1635_,1.855
_0021_,1.84
_0022_,1.84
_0027_,1.84
_0053_,1.84
_0055_,1.84
_0058_,1.84
_0413_,1.84
_0431_,1.84
_0759_,1.84
_0772_,1.84
_0798_,1.84
_0809_,1.84
_0962_,1.84
_0965_,1.84
_0968_,1.84
_0992_,1.84
_1011_,1.84
_1384_,1.84
_1507_,1.84
_1147_,1.82
_1963_,1.82
_0084_,1.73
_0509_,1.73
_0846_,1.73
_0008_,1.72
_0383_,1.72
_0428_,1.72
_0767_,1.72
_1228_,1.72
_1284_,1.72
_1292_,1.72
_1296_,1.72
_1328_,1.72
_1330_,1.72
_1345_,1.72
_1393_,1.72
_1401_,1.72
_1486_,1.72
_1510_,1.72
_1512_,1.72
_1533_,1.72
_1535_,1.72
_1608_,1.72
_1688_,1.72
_1744_,1.72
_2071_,1.72
_2164_,1.72
_1163_,1.7
_1252_,1.7
_1554_,1.7
_0216_,1.6
_0321_,1.6
_1234_,1.6
_2176_,1.6
_0391_,1.48
_0404_,1.48
_0708_,1.48
_0787_,1.48
_0955_,1.48
_0990_,1.48
_2052_,1.48
_2214_,1.48
_0001_,1.38
_0003_,1.38
_0004_,1.38
_0010_,1.38
_0012_,1.38
_0015_,1.38
_0016_,1.38
_0019_,1.38
_0023_,1.38
_0025_,1.38
_0029_,1.38
_0030_,1.38
_0031_,1.38
_0032_,1.38
_0033_,1.38
_0034_,1.38
_0037_,1.38
_0038_,1.38
_0039_,1.38
_0041_,1.38
_0042_,1.38
_0044_,1.38
_0045_,1.38
_0046_,1.38
_0056_,1.38
_0057_,1.38
_0062_,1.38
_0377_,1.38
_0380_,1.38
_0381_,1.38
_0382_,1.38
_0384_,1.38
_0385_,1.38
_0387_,1.38
_0392_,1.38
_0393_,1.38
_0395_,1.38
_0397_,1.38
_0401_,1.38
_0402_,1.38
_0405_,1.38
_0406_,1.38
_0407_,1.38
_0409_,1.38
_0410_,1.38
_0414_,1.38
_0417_,1.38
_0418_,1.38
_0419_,1.38
_0422_,1.38
_0423_,1.38
_0424_,1.38
_0426_,1.38
_0427_,1.38
_0432_,1.38
_0760_,1.38
_0761_,1.38
_0764_,1.38
_0765_,1.38
_0769_,1.38
_0774_,1.38
_0775_,1.38
_0777_,1.38
_0778_,1.38
_0780_,1.38
_0781_,1.38
_0783_,1.38
_0786_,1.38
_0790_,1.38
_0793_,1.38
_0794_,1.38
_0795_,1.38
_0797_,1.38
_0801_,1.38
_0803_,1.38
_0805_,1.38
_0806_,1.38
_0807_,1.38
_0808_,1.38
_0810_,1.38
_0811_,1.38
_0814_,1.38
_0819_,1.38
_0821_,1.38
_0956_,1.38
_0957_,1.38
_0958_,1.38
_0959_,1.38
_0961_,1.38
_0966_,1.38
_0967_,1.38
_0969_,1.38
_0971_,1.38
_0974_,1.38
_0975_,1.38
_0978_,1.38
_0981_,1.38
_0983_,1.38
_0985_,1.38
_0987_,1.38
_0993_,1.38
_0995_,1.38
_0996_,1.38
_0997_,1.38
_0998_,1.38
_1001_,1.38
_1005_,1.38
_1007_,1.38
_1008_,1.38
_1010_,1.38
_1012_,1.38
_1013_,1.38
_1014_,1.38
_1015_,1.38
_1619_,1.38
_1670_,1.38
_1737_,1.38
_0314_,1.26
_0330_,1.26
_0695_,1.26
_0197_,1.14
_0026_,1.02
_0415_,1.02
_0429_,1.02
_0802_,1.02
_0964_,1.02
_0753_,0.8
_0224_,0.46
_0304_,0.46
